Text, Language
"Tôi thích đọc sách vào buổi tối", Vietnamese
"Trời hôm nay rất đẹp", Vietnamese
"Cô ấy đang học bài trong phòng", Vietnamese
"Chúng ta nên ăn nhiều rau xanh", Vietnamese
"Anh ấy là một người rất chăm chỉ", Vietnamese
"Tôi vừa xem một bộ phim hay", Vietnamese
"Cuộc sống luôn đầy những bất ngờ", Vietnamese
"Học tập là con đường dẫn đến thành công", Vietnamese
"Bạn có thích nghe nhạc không?", Vietnamese
"Tôi muốn đi du lịch vào mùa hè", Vietnamese
"Gia đình là điều quan trọng nhất", Vietnamese
"Thời gian trôi qua rất nhanh", Vietnamese
"Tôi đang học tiếng Anh mỗi ngày", Vietnamese
"Bạn bè luôn giúp đỡ nhau trong khó khăn", Vietnamese
"Thành phố này rất nhộn nhịp", Vietnamese
"Tôi thích uống cà phê vào buổi sáng", Vietnamese
"Cuốn sách này rất thú vị", Vietnamese
"Chúng ta nên giữ gìn môi trường", Vietnamese
"Cô giáo giảng bài rất dễ hiểu", Vietnamese
"Tôi đã hoàn thành bài tập rồi", Vietnamese
"Trời đang mưa rất to", Vietnamese
"Anh ấy đang chơi bóng đá", Vietnamese
"Tôi thích ăn phở", Vietnamese
"Cuộc sống đôi khi rất khó khăn", Vietnamese
"Học sinh cần chăm chỉ học tập", Vietnamese
"Tôi đang nghe một bài hát hay", Vietnamese
"Mẹ tôi nấu ăn rất ngon", Vietnamese
"Tôi muốn trở thành một người thành công", Vietnamese
"Hôm nay tôi rất vui", Vietnamese
"Bạn nên ngủ đủ giấc", Vietnamese
"Tôi thích xem phim hoạt hình", Vietnamese
"Chúng ta cần bảo vệ động vật", Vietnamese
"Anh ấy đang đọc báo", Vietnamese
"Tôi thích đi dạo vào buổi tối", Vietnamese
"Cuộc sống không phải lúc nào cũng dễ dàng", Vietnamese
"Tôi đang học bài thi", Vietnamese
"Bạn có thể giúp tôi không?", Vietnamese
"Tôi yêu quê hương của mình", Vietnamese
"Trời hôm nay khá lạnh", Vietnamese
"Tôi thích nghe nhạc nhẹ", Vietnamese
"Chúng ta cần tiết kiệm nước", Vietnamese
"Tôi đang viết một bức thư", Vietnamese
"Anh ấy là bạn thân của tôi", Vietnamese
"Tôi thích ăn trái cây", Vietnamese
"Học tập giúp chúng ta mở mang kiến thức", Vietnamese
"Tôi vừa mua một cuốn sách mới", Vietnamese
"Bạn nên tập thể dục thường xuyên", Vietnamese
"Tôi thích đi biển", Vietnamese
"Cuộc sống cần có mục tiêu", Vietnamese
"Tôi đang chuẩn bị bài thuyết trình", Vietnamese
"Anh ấy đang học lái xe", Vietnamese
"Tôi thích xem tin tức", Vietnamese
"Chúng ta cần sống có trách nhiệm", Vietnamese
"Tôi rất thích màu xanh", Vietnamese
"Bạn có thể nói lại không?", Vietnamese
"Tôi đang học cách nấu ăn", Vietnamese
"Trời hôm nay nhiều mây", Vietnamese
"Tôi thích đọc truyện tranh", Vietnamese
"Cuộc sống luôn thay đổi", Vietnamese
"Tôi đang làm việc nhóm", Vietnamese
"Anh ấy rất tốt bụng", Vietnamese
"Tôi thích chụp ảnh", Vietnamese
"Chúng ta cần tôn trọng người khác", Vietnamese
"Tôi đang học toán", Vietnamese
"Bạn có rảnh không?", Vietnamese
"Tôi thích uống trà", Vietnamese
"Cuộc sống cần sự cân bằng", Vietnamese
"Tôi đang nghe giảng", Vietnamese
"Anh ấy rất thông minh", Vietnamese
"Tôi thích chơi game", Vietnamese
"Chúng ta nên giúp đỡ người nghèo", Vietnamese
"Tôi đang dọn phòng", Vietnamese
"Bạn có thể cho tôi mượn sách không?", Vietnamese
"Tôi thích xem phim kinh dị", Vietnamese
"Cuộc sống luôn có hy vọng", Vietnamese
"Tôi đang học lập trình", Vietnamese
"Anh ấy rất hài hước", Vietnamese
"Tôi thích đi xe đạp", Vietnamese
"Chúng ta cần giữ gìn sức khỏe", Vietnamese
"Tôi đang chuẩn bị bữa ăn", Vietnamese
"Bạn có thích đọc sách không?", Vietnamese
"Tôi thích nghe nhạc rock", Vietnamese
"Cuộc sống rất đáng trân trọng", Vietnamese
"Tôi đang học lịch sử", Vietnamese
"Anh ấy rất kiên nhẫn", Vietnamese
"Tôi thích đi xem phim", Vietnamese
"Chúng ta cần bảo vệ thiên nhiên", Vietnamese
"Tôi đang tập thể dục", Vietnamese
"Bạn có thể giúp tôi một việc không?", Vietnamese
"Tôi thích ăn bánh mì", Vietnamese
"Cuộc sống cần sự cố gắng", Vietnamese
"Tôi đang học ngoại ngữ", Vietnamese
"Anh ấy rất nhiệt tình", Vietnamese
"Tôi thích đi du lịch nước ngoài", Vietnamese
"Chúng ta cần sống tích cực", Vietnamese
"Tôi đang làm bài tập", Vietnamese
"Bạn có khỏe không?", Vietnamese
"Tôi thích nghe nhạc cổ điển", Vietnamese
"Cuộc sống luôn đáng để khám phá", Vietnamese
"Tôi đang cố gắng mỗi ngày", Vietnamese
"Sáng nay tôi dậy rất sớm", Vietnamese
"Tôi đang học cách quản lý thời gian", Vietnamese
"Anh ấy thích nuôi mèo", Vietnamese
"Cô ấy đang chuẩn bị cho kỳ thi", Vietnamese
"Tôi vừa hoàn thành một dự án khó", Vietnamese
"Trời hôm nay có gió nhẹ", Vietnamese
"Tôi thích ngắm hoàng hôn", Vietnamese
"Chúng ta nên đọc sách mỗi ngày", Vietnamese
"Anh ấy đang sửa xe", Vietnamese
"Tôi thích ăn cơm nhà", Vietnamese
"Cô ấy rất yêu động vật", Vietnamese
"Tôi đang học chơi guitar", Vietnamese
"Bạn nên uống đủ nước mỗi ngày", Vietnamese
"Tôi vừa đi dạo công viên", Vietnamese
"Anh ấy đang làm việc tại nhà", Vietnamese
"Tôi thích xem bóng đá", Vietnamese
"Chúng ta cần giữ lời hứa", Vietnamese
"Tôi đang học vẽ", Vietnamese
"Cô ấy rất thân thiện", Vietnamese
"Tôi thích ăn đồ ngọt", Vietnamese
"Anh ấy đang gọi điện thoại", Vietnamese
"Tôi đang luyện tập thể thao", Vietnamese
"Bạn nên học cách tiết kiệm tiền", Vietnamese
"Tôi thích đi bộ buổi sáng", Vietnamese
"Cô ấy đang đọc tiểu thuyết", Vietnamese
"Anh ấy rất chăm chỉ học tập", Vietnamese
"Tôi đang nghe podcast", Vietnamese
"Chúng ta nên giữ gìn vệ sinh", Vietnamese
"Tôi thích nấu ăn cho gia đình", Vietnamese
"Anh ấy đang học ngoại ngữ mới", Vietnamese
"Cô ấy rất sáng tạo", Vietnamese
"Tôi đang xem một chương trình truyền hình", Vietnamese
"Bạn nên dành thời gian nghỉ ngơi", Vietnamese
"Tôi thích đi du lịch cùng bạn bè", Vietnamese
"Anh ấy đang chơi đàn piano", Vietnamese
"Cô ấy thích trồng cây", Vietnamese
"Tôi đang học kỹ năng mềm", Vietnamese
"Chúng ta nên sống trung thực", Vietnamese
"Tôi thích chụp ảnh phong cảnh", Vietnamese
"Anh ấy đang chạy bộ", Vietnamese
"Cô ấy rất kiên trì", Vietnamese
"Tôi đang đọc báo mạng", Vietnamese
"Bạn nên ăn sáng đầy đủ", Vietnamese
"Tôi thích xem phim tài liệu", Vietnamese
"Anh ấy đang học nấu ăn", Vietnamese
"Cô ấy rất năng động", Vietnamese
"Tôi đang luyện nói tiếng Anh", Vietnamese
"Chúng ta nên giúp đỡ lẫn nhau", Vietnamese
"Tôi thích nghe nhạc khi làm việc", Vietnamese
"Anh ấy đang viết nhật ký", Vietnamese
"Cô ấy đang chuẩn bị bữa tối", Vietnamese
"Tôi đang học cách giao tiếp", Vietnamese
"Bạn nên giữ tinh thần lạc quan", Vietnamese
"Tôi thích đi dã ngoại", Vietnamese
"Anh ấy đang học lập kế hoạch", Vietnamese
"Cô ấy rất yêu gia đình", Vietnamese
"Tôi đang tìm hiểu về công nghệ", Vietnamese
"Chúng ta nên sống có kỷ luật", Vietnamese
"Tôi thích đọc sách lịch sử", Vietnamese
"Anh ấy đang làm bài kiểm tra", Vietnamese
"Cô ấy rất thông minh và nhanh nhẹn", Vietnamese
"Tôi đang học kỹ năng thuyết trình", Vietnamese
"Bạn nên tránh thức khuya", Vietnamese
"Tôi thích uống nước ép trái cây", Vietnamese
"Anh ấy đang học thiết kế", Vietnamese
"Cô ấy rất chăm sóc bản thân", Vietnamese
"Tôi đang luyện viết mỗi ngày", Vietnamese
"Chúng ta nên tôn trọng luật pháp", Vietnamese
"Tôi thích xem phim hài", Vietnamese
"Anh ấy đang học cách đầu tư", Vietnamese
"Cô ấy rất yêu thích nghệ thuật", Vietnamese
"Tôi đang học cách suy nghĩ logic", Vietnamese
"Bạn nên giữ thói quen tốt", Vietnamese
"Tôi thích nghe nhạc vào ban đêm", Vietnamese
"Anh ấy đang tập yoga", Vietnamese
"Cô ấy rất tự tin", Vietnamese
"Tôi đang học cách làm việc hiệu quả", Vietnamese
"Chúng ta nên bảo vệ tài nguyên thiên nhiên", Vietnamese
"Tôi thích khám phá những điều mới", Vietnamese
"Anh ấy đang học kỹ năng lãnh đạo", Vietnamese
"Cô ấy rất chăm chỉ làm việc", Vietnamese
"Tôi đang tìm kiếm cơ hội mới", Vietnamese
"Bạn nên giữ thái độ tích cực", Vietnamese
"Tôi thích tham gia hoạt động xã hội", Vietnamese
"Anh ấy đang học cách quản lý tài chính", Vietnamese
"Cô ấy rất nhiệt huyết", Vietnamese
"Tôi đang học cách giải quyết vấn đề", Vietnamese
"Chúng ta nên trân trọng thời gian", Vietnamese
"Tôi thích làm việc trong môi trường yên tĩnh", Vietnamese
"Anh ấy đang học kỹ năng đàm phán", Vietnamese
"Cô ấy rất sáng suốt", Vietnamese
"Tôi đang học cách lập mục tiêu", Vietnamese
"Bạn nên giữ sức khỏe tinh thần", Vietnamese
"Tôi thích đọc sách phát triển bản thân", Vietnamese
"Anh ấy đang học cách sáng tạo", Vietnamese
"Cô ấy rất kiên cường", Vietnamese
"Tôi đang học cách làm việc nhóm hiệu quả", Vietnamese
"Chúng ta nên sống có trách nhiệm với xã hội", Vietnamese
"Tôi thích học hỏi từ người khác", Vietnamese
"Tôi đang cố gắng cải thiện bản thân mỗi ngày", Vietnamese
"Tôi@đang.học,lập#trình$Python%hằng&ngày*!", Vietnamese
"Cô@ấy.thích,đọc#sách$vào%buổi&tối*!", Vietnamese
"Anh@ấy.đang,làm#việc$tại%văn&phòng*!", Vietnamese
"Tôi@muốn.đi,du#lịch$đến%Đà&Nẵng*!", Vietnamese
"Chúng@ta.n
ên,bảo#vệ$môi%trường&xanh*!", Vietnamese
"Hôm@nay.tr
ời,rất#đẹp$và%trong&lành*!", Vietnamese
"Tôi@thích.uống,cà#phê$vào%buổi&sáng*!", Vietnamese
"Anh@ấy.đang,chơi#game$với%bạn&bè*!", Vietnamese
"Cô@ấy.rất,chăm#chỉ$và%kiên&nhẫn*!", Vietnamese
"Tôi@đang.nghe,nhạc#trên$điện%thoại&*!", Vietnamese
"Chúng@ta.c
ần,học#cách$quản%lý&thời*gian!", Vietnamese
"Anh@ấy.đang,đọc#báo$vào%buổi&sáng*!", Vietnamese
"Tôi@thích.xem,phim#hành$động%và&kịch*tính!", Vietnamese
"Cô@ấy.đang,nấu#ăn$cho%gia&đình*!", Vietnamese
"Tôi@vừa.mua,một#chiếc$xe%đạp&mới*!", Vietnamese
"Anh@ấy.rất,tốt#bụng$và%hay&giúp*đỡ!", Vietnamese
"Chúng@ta.n
ên,tập#thể$dục%hàng&ngày*!", Vietnamese
"Tôi@đang.học,ngoại#ngữ$mới%rất&thú*vị!", Vietnamese
"Cô@ấy.thích,nghe#nhạc$cổ%điển&*!", Vietnamese
"Anh@ấy.đang,luyện#tập$bóng%đá&*!", Vietnamese
"Tôi@thích.đi,dạo#công$viên%vào&chiều*tối!", Vietnamese
"Chúng@ta.c
ần,giữ#gìn$sức%khỏe&*!", Vietnamese
"Cô@ấy.rất,xinh#đẹp$và%duyên&dáng*!", Vietnamese
"Anh@ấy.đang,sửa#máy$tính%tại&nhà*!", Vietnamese
"Tôi@đang.làm,bài#tập$toán%khó&*!", Vietnamese
"Chúng@ta.n
ên,ăn#uống$lành%mạnh&*!", Vietnamese
"Cô@ấy.đang,học#vẽ$tranh%phong&cảnh*!", Vietnamese
"Anh@ấy.thích,đọc#truyện$trinh%thám&*!", Vietnamese
"Tôi@đang.nghĩ,về#tương$lai%của&bản*thân!", Vietnamese
"Chúng@ta.c
ần,tôn#trọng$ý%kiến&người*khác!", Vietnamese
"Cô@ấy.rất,thân#thiện$với%mọi&người*!", Vietnamese
"Anh@ấy.đang,chơi#đàn$guitar%rất&hay*!", Vietnamese
"Tôi@thích.ăn,kem#vào$mùa%hè&*!", Vietnamese
"Chúng@ta.n
ên,giữ#gìn$vệ%sinh&cá*nhân!", Vietnamese
"Cô@ấy.đang,viết#bài$luận%văn&*!", Vietnamese
"Anh@ấy.rất,thông#minh$và%nhanh&nhẹn*!", Vietnamese
"Tôi@đang.học,cách#nấu$ăn%ngon&*!", Vietnamese
"Chúng@ta.c
ần,tiết#kiệm$điện%nước&*!", Vietnamese
"Cô@ấy.thích,chụp#ảnh$thiên%nhiên&*!", Vietnamese
"Anh@ấy.đang,đi#du$lịch%với&gia*đình!", Vietnamese
"Tôi@đang.tìm,kiếm#công$việc%mới&*!", Vietnamese
"Chúng@ta.n
ên,giúp#đỡ$người%khác&*!", Vietnamese
"Cô@ấy.rất,nhiệt#tình$và%hòa&đồng*!", Vietnamese
"Anh@ấy.đang,học#lái$xe%ô&tô*!", Vietnamese
"Tôi@thích.đọc,sách#phát$triển%bản&thân*!", Vietnamese
"Chúng@ta.c
ần,sống#trung$thực&*!", Vietnamese
"Cô@ấy.đang,tập#yoga$buổi%sáng&*!", Vietnamese
"Anh@ấy.thích,chơi#cờ$vua%với&bạn*!", Vietnamese
"Tôi@đang.nghe,radio#tin$tức%*!", Vietnamese
"Chúng@ta.n
ên,giữ#thái$độ%tích&cực*!", Vietnamese
"Cô@ấy.rất,kiên#cường$và%mạnh&mẽ*!", Vietnamese
"Anh@ấy.đang,viết#email$công%việc&*!", Vietnamese
"Tôi@thích.xem,phim#hài$vui%nhộn&*!", Vietnamese
"Chúng@ta.c
ần,phát#triển$kỹ%năng&*!", Vietnamese
"Cô@ấy.đang,đọc#bài$báo%khoa&học*!", Vietnamese
"Anh@ấy.rất,có#trách$nhiệm&*!", Vietnamese
"Tôi@đang.luyện,nghe#tiếng$Anh%*!", Vietnamese
"Chúng@ta.n
ên,giữ#gìn$văn%hóa&*!", Vietnamese
"Cô@ấy.thích,nấu#ăn$món%Việt&*!", Vietnamese
"Anh@ấy.đang,đi#chạy$bộ%buổi&sáng*!", Vietnamese
"Tôi@đang.học,cách#quản$lý%tài&chính*!", Vietnamese
"Chúng@ta.c
ần,bảo#vệ$động%vật&*!", Vietnamese
"Cô@ấy.rất,tự#tin&*!", Vietnamese
"Anh@ấy.đang,sửa#điện$thoại%*!", Vietnamese
"Tôi@thích,nghe#nhạc$khi%làm&việc*!", Vietnamese
"Chúng@ta.n
ên,tôn#trọng$luật%pháp&*!", Vietnamese
"Cô@ấy.đang,học#thiết$kế%đồ&họa*!", Vietnamese
"Anh@ấy.rất,sáng#tạo&*!", Vietnamese
"Tôi@đang.viết,nhật#ký$hằng%ngày&*!", Vietnamese
"Chúng@ta.c
ần,giữ#kỷ$luật%*!", Vietnamese
"Cô@ấy.thích,trồng#cây$cảnh%*!", Vietnamese
"Anh@ấy.đang,chơi#bóng$rổ%*!", Vietnamese
"Tôi@đang,học#cách$giải%quyết&vấn*đề!", Vietnamese
"Chúng@ta.n
ên,trân#trọng$thời%gian&*!", Vietnamese
"Cô@ấy.rất,chăm#sóc$bản%thân&*!", Vietnamese
"Anh@ấy.đang,học#lập$kế%hoạch&*!", Vietnamese
"Tôi@thích,đi#dã$ngoại%*!", Vietnamese
"Chúng@ta.c
ần,sống#có$mục%tiêu&*!", Vietnamese
"Cô@ấy.đang,làm#việc$nhóm%*!", Vietnamese
"Anh@ấy.rất,nhiệt#huyết&*!", Vietnamese
"Tôi@đang,tìm#hiểu$công%nghệ&*!", Vietnamese
"Chúng@ta.n
ên,học#hỏi$từ%người&khác*!", Vietnamese
"Cô@ấy.rất,yêu#gia$đình%*!", Vietnamese
"Anh@ấy.đang,đọc#sách$lịch%sử&*!", Vietnamese
"Tôi@thích,khám#phá$điều%mới&*!", Vietnamese
"Chúng@ta.c
ần,sống#có$trách%nhiệm&*!", Vietnamese
"Cô@ấy.đang,luyện#nói$tiếng%Anh&*!", Vietnamese
"Anh@ấy.rất,kiên#nhẫn&*!", Vietnamese
"Tôi@đang,học#kỹ$năng%lãnh&đạo*!", Vietnamese
"Chúng@ta.n
ên,giữ#tinh$thần%lạc&quan*!", Vietnamese
"Cô@ấy.thích,đọc#truyện$ngắn%*!", Vietnamese
"Anh@ấy.đang,nghe#nhạc$trữ%tình&*!", Vietnamese
"Tôi@đang,làm#việc$tại%quán&cà*phê!", Vietnamese
"Chúng@ta.c
ần,giữ#vững$niềm%tin&*!", Vietnamese
"Cô@ấy.rất,đáng#tin$cậy%*!", Vietnamese
"Anh@ấy.đang,học#cách$đầu%tư&*!", Vietnamese
"Tôi@thích,tham#gia$hoạt%động&xã*hội!", Vietnamese
"Chúng@ta.n
ên,giữ#mối$quan%hệ&tốt*!", Vietnamese
"Cô@ấy.đang,chuẩn#bị$bài%thuyết&trình*!", Vietnamese
"Anh@ấy.rất,chăm#chỉ&*!", Vietnamese
"Việt Nam nằm ở khu vực Đông Nam Á", Vietnamese
"Hà Nội là thủ đô của Việt Nam", Vietnamese
"Sông Hồng chảy qua miền Bắc Việt Nam", Vietnamese
"Thành phố Hồ Chí Minh là đô thị lớn nhất nước", Vietnamese
"Biển Đông có vai trò quan trọng đối với Việt Nam", Vietnamese
"Đồng bằng sông Cửu Long là vựa lúa lớn", Vietnamese
"Dãy Trường Sơn kéo dài từ Bắc vào Nam", Vietnamese
"Khí hậu Việt Nam mang tính chất nhiệt đới gió mùa", Vietnamese
"Miền Bắc có mùa đông lạnh", Vietnamese
"Miền Nam có hai mùa mưa và khô rõ rệt", Vietnamese
"Châu Á là châu lục lớn nhất thế giới", Vietnamese
"Châu Phi có nhiều sa mạc rộng lớn", Vietnamese
"Châu Âu có nhiều quốc gia phát triển", Vietnamese
"Châu Mỹ được chia thành Bắc Mỹ và Nam Mỹ", Vietnamese
"Châu Đại Dương gồm nhiều đảo và quốc gia nhỏ", Vietnamese
"Nam Cực là nơi lạnh nhất trên Trái Đất", Vietnamese
"Dãy Himalaya là dãy núi cao nhất thế giới", Vietnamese
"Sông Nile là một trong những con sông dài nhất", Vietnamese
"Sa mạc Sahara là sa mạc lớn nhất thế giới", Vietnamese
"Rừng Amazon là khu rừng nhiệt đới lớn nhất", Vietnamese
"Trái Đất có dạng gần hình cầu", Vietnamese
"Xích đạo chia Trái Đất thành hai bán cầu", Vietnamese
"Kinh tuyến gốc đi qua Greenwich", Vietnamese
"Trái Đất quay quanh Mặt Trời", Vietnamese
"Cuộc@sống.không,bao#giờ$đứng%yên&*!", Vietnamese
"Mỗi@ngày.là,một#cơ$hội%mới&*!", Vietnamese
"Thời@gian.tr
ôi,qua#rất$nhanh%*!", Vietnamese
"Bạn@nên,tận#dụng$thời%gian&*!", Vietnamese
"Sự@kiên.trì,giúp#bạn$thành%công&*!", Vietnamese
"Học@tập.là,chìa#khóa$mở%cửa&tri*thức!", Vietnamese
"Con@người.cần,nghỉ#ngơi$hợp%lý&*!", Vietnamese
"Suy@nghĩ.tích,cực#giúp$cuộc%sống&tốt*hơn!", Vietnamese
"Trái Đất tự quay quanh trục của nó", Vietnamese
"Ngày và đêm luân phiên do Trái Đất quay", Vietnamese
"Các múi giờ được tính dựa trên kinh độ", Vietnamese
"Khí hậu phụ thuộc vào vĩ độ và địa hình", Vietnamese
"Gió mùa ảnh hưởng lớn đến Đông Nam Á", Vietnamese
"Địa hình Việt Nam chủ yếu là đồi núi", Vietnamese
"Đồng bằng Bắc Bộ rất màu mỡ", Vietnamese
"Cao nguyên Trung Bộ có nhiều đất đỏ bazan", Vietnamese
"Vịnh Hạ Long là di sản thiên nhiên thế giới", Vietnamese
"Phong Nha Kẻ Bàng có nhiều hang động đẹp", Vietnamese
"Đảo Phú Quốc nằm ở phía Nam Việt Nam", Vietnamese
"Biển cung cấp nguồn hải sản phong phú", Vietnamese
"Rừng giúp điều hòa khí hậu", Vietnamese
"Động đất xảy ra do sự dịch chuyển của vỏ Trái Đất", Vietnamese
"Núi lửa phun trào tạo ra dung nham", Vietnamese
"Sóng thần có thể gây thiệt hại lớn", Vietnamese
"Băng tan ở hai cực làm mực nước biển dâng", Vietnamese
"Ô nhiễm môi trường ảnh hưởng đến khí hậu", Vietnamese
"Biến đổi khí hậu là vấn đề toàn cầu", Vietnamese
"Các quốc gia cần hợp tác bảo vệ môi trường", Vietnamese
"Nhiệt độ Trái Đất đang tăng lên", Vietnamese
"Hiệu ứng nhà kính gây nóng lên toàn cầu", Vietnamese
"Rừng bị chặt phá làm mất cân bằng sinh thái", Vietnamese
"Đa dạng sinh học rất quan trọng", Vietnamese
"Các hệ sinh thái cần được bảo vệ", Vietnamese
"Nguồn nước sạch ngày càng khan hiếm", Vietnamese
"Châu Á có dân số đông nhất thế giới", Vietnamese
"Trung Quốc là quốc gia đông dân nhất", Vietnamese
"Ấn Độ có diện tích rộng lớn", Vietnamese
"Hoa Kỳ nằm ở Bắc Mỹ", Vietnamese
"Brazil là quốc gia lớn nhất Nam Mỹ", Vietnamese
"Nga có diện tích lớn nhất thế giới", Vietnamese
"Nhật Bản là quốc đảo ở Đông Á", Vietnamese
"Úc là quốc gia thuộc châu Đại Dương", Vietnamese
"Ai Cập nằm ở Bắc Phi", Vietnamese
"Nam Phi là quốc gia ở cực Nam châu Phi", Vietnamese
"Sông Mekong chảy qua nhiều quốc gia", Vietnamese
"Đồng bằng sông Mekong rất trù phú", Vietnamese
"Biển Đông có nhiều đảo và quần đảo", Vietnamese
"Hoàng Sa và Trường Sa thuộc Việt Nam", Vietnamese
"Khí hậu miền Trung thường có bão", Vietnamese
"Lũ lụt thường xảy ra ở vùng thấp", Vietnamese
"Hạn hán ảnh hưởng đến nông nghiệp", Vietnamese
"Địa hình ảnh hưởng đến giao thông", Vietnamese
"Núi cao thường có khí hậu lạnh", Vietnamese
"Ven biển thường có độ ẩm cao", Vietnamese
"Sa mạc có lượng mưa rất thấp", Vietnamese
"Rừng mưa nhiệt đới có lượng mưa lớn", Vietnamese
"Đồng cỏ là nơi sinh sống của nhiều loài động vật", Vietnamese
"Sông ngòi cung cấp nước cho sinh hoạt", Vietnamese
"Hồ là nguồn nước tự nhiên quan trọng", Vietnamese
"Địa cầu có nhiều dạng địa hình khác nhau", Vietnamese
"Các châu lục được bao quanh bởi đại dương", Vietnamese
"Thái Bình Dương là đại dương lớn nhất", Vietnamese
"Đại Tây Dương là đại dương lớn thứ hai", Vietnamese
"Ấn Độ Dương nằm giữa châu Á và châu Phi", Vietnamese
"Bắc Băng Dương nằm ở cực Bắc", Vietnamese
"Nam Băng Dương bao quanh Nam Cực", Vietnamese
"Các đảo hình thành do núi lửa hoặc san hô", Vietnamese
"Địa lý giúp chúng ta hiểu về thế giới", Vietnamese
"Bản đồ là công cụ quan trọng trong địa lý", Vietnamese
"La bàn giúp xác định phương hướng", Vietnamese
"Vĩ độ xác định vị trí Bắc Nam", Vietnamese
"Kinh độ xác định vị trí Đông Tây", Vietnamese
"Trái Đất có lớp vỏ, lớp manti và lõi", Vietnamese
"Lõi Trái Đất rất nóng", Vietnamese
"Các mảng kiến tạo luôn di chuyển", Vietnamese
"Sự va chạm mảng tạo ra núi", Vietnamese
"Địa lý tự nhiên nghiên cứu thiên nhiên", Vietnamese
"Địa lý kinh tế nghiên cứu hoạt động con người", Vietnamese
"Dân cư phân bố không đồng đều", Vietnamese
"Đô thị hóa đang diễn ra mạnh mẽ", Vietnamese
"Nông nghiệp phụ thuộc vào điều kiện tự nhiên", Vietnamese
"Công nghiệp tập trung ở các thành phố lớn", Vietnamese
"Du lịch phát triển nhờ cảnh quan đẹp", Vietnamese
"Địa lý giúp con người sử dụng tài nguyên hợp lý", Vietnamese
"Văn Lang là nhà nước đầu tiên của người Việt cổ", Vietnamese
"Các vua Hùng được coi là tổ tiên của dân tộc Việt", Vietnamese
"Âu Lạc được thành lập sau Văn Lang", Vietnamese
"An Dương Vương xây thành Cổ Loa", Vietnamese
"Triệu Đà đã xâm lược Âu Lạc", Vietnamese
"Thời kỳ Bắc thuộc kéo dài hơn một nghìn năm", Vietnamese
"Hai Bà Trưng khởi nghĩa chống nhà Hán", Vietnamese
"Cuộc khởi nghĩa của Hai Bà Trưng diễn ra năm 40", Vietnamese
"Bà Triệu cũng nổi dậy chống quân xâm lược", Vietnamese
"Lý Bí lập nên nước Vạn Xuân", Vietnamese
"Triệu Quang Phục tiếp tục kháng chiến chống quân Lương", Vietnamese
"Nhà Đường đô hộ nước ta trong thời gian dài", Vietnamese
"Ngô Quyền đánh bại quân Nam Hán trên sông Bạch Đằng", Vietnamese
"Chiến thắng Bạch Đằng năm 938 chấm dứt thời Bắc thuộc", Vietnamese
"Ngô Quyền lên ngôi vua và lập nhà Ngô", Vietnamese
"Đinh Bộ Lĩnh dẹp loạn 12 sứ quân", Vietnamese
"Đinh Bộ Lĩnh lập ra nhà Đinh", Vietnamese
"Kinh đô Hoa Lư được chọn làm trung tâm", Vietnamese
"Lê Hoàn lên ngôi sau nhà Đinh", Vietnamese
"Lê Hoàn đánh bại quân Tống xâm lược", Vietnamese
"Nhà Lý được thành lập năm 1009", Vietnamese
"Lý Công Uẩn dời đô ra Thăng Long", Vietnamese
"Thăng Long trở thành trung tâm chính trị", Vietnamese
"Nhà Lý xây dựng nhiều chùa chiền", Vietnamese
"Phật giáo phát triển mạnh dưới thời Lý", Vietnamese
"Nhà Lý tổ chức bộ máy nhà nước chặt chẽ", Vietnamese
"Nhà Trần kế tục nhà Lý", Vietnamese
"Nhà Trần nổi tiếng với ba lần kháng chiến chống Nguyên Mông", Vietnamese
"Trần Hưng Đạo là vị tướng tài ba", Vietnamese
"Chiến thắng Bạch Đằng năm 1288 rất nổi tiếng", Vietnamese
"Nhà Trần phát triển nông nghiệp", Vietnamese
"Hội nghị Diên Hồng thể hiện tinh thần đoàn kết", Vietnamese
"Nhà Hồ thay thế nhà Trần", Vietnamese
"Hồ Quý Ly thực hiện nhiều cải cách", Vietnamese
"Nhà Minh xâm lược nước ta năm 1407", Vietnamese
"Thời kỳ thuộc Minh rất khắc nghiệt", Vietnamese
"Một@nụ.cười,có#thể$thay%đổi&mọi*thứ!", Vietnamese
"Hạnh@phúc.đến,từ#những$điều%giản&dị*!", Vietnamese
"Bạn@cần,giữ#gìn$sức%khỏe&*!", Vietnamese
"Ăn@uống.lành,mạnh#giúp$cơ%thể&khỏe*mạnh!", Vietnamese
"Giấc@ngủ.đủ,giúp#tinh$thần%tốt&*!", Vietnamese
"Tập@thể.dục,thường#xuyên$giúp%giảm&stress*!", Vietnamese
"Cuộc@sống.cần,sự#cân$bằng%*!", Vietnamese
"Gia@đình.là,nơi#bình$yên%nhất&*!", Vietnamese
"Bạn@bè.tốt,luôn#ở$bên%khi&cần*!", Vietnamese
"Sự@chân.thành,giúp#xây$dựng%niềm&tin*!", Vietnamese
"Lòng@biết.ơn,giúp#ta$cảm%thấy&hạnh*phúc!", Vietnamese
"Lê Lợi lãnh đạo khởi nghĩa Lam Sơn", Vietnamese
"Nguyễn Trãi là mưu sĩ quan trọng", Vietnamese
"Khởi nghĩa Lam Sơn kéo dài nhiều năm", Vietnamese
"Chiến thắng Chi Lăng là bước ngoặt quan trọng", Vietnamese
"Lê Lợi lên ngôi lập ra nhà Hậu Lê", Vietnamese
"Bình Ngô đại cáo là bản tuyên ngôn độc lập", Vietnamese
"Thời Lê sơ đất nước phát triển mạnh", Vietnamese
"Luật Hồng Đức được ban hành", Vietnamese
"Giáo dục và khoa cử phát triển", Vietnamese
"Nhà Mạc thay thế nhà Lê", Vietnamese
"Thời kỳ Nam Bắc triều diễn ra", Vietnamese
"Chúa Trịnh và chúa Nguyễn phân tranh", Vietnamese
"Đất nước bị chia cắt thành Đàng Ngoài và Đàng Trong", Vietnamese
"Phong trào Tây Sơn nổi dậy vào cuối thế kỷ 18", Vietnamese
"Anh em Tây Sơn lãnh đạo khởi nghĩa", Vietnamese
"Nguyễn Huệ là vị tướng kiệt xuất", Vietnamese
"Nguyễn Huệ đánh bại quân Xiêm", Vietnamese
"Chiến thắng Rạch Gầm Xoài Mút rất nổi tiếng", Vietnamese
"Nguyễn Huệ lên ngôi hoàng đế Quang Trung", Vietnamese
"Quang Trung đánh bại quân Thanh", Vietnamese
"Chiến thắng Ngọc Hồi Đống Đa diễn ra năm 1789", Vietnamese
"Nhà Tây Sơn tồn tại trong thời gian ngắn", Vietnamese
"Nguyễn Ánh lên ngôi lập ra nhà Nguyễn", Vietnamese
"Kinh đô được đặt tại Huế", Vietnamese
"Sự@chia.sẻ,giúp#kết$nối%con&người*!", Vietnamese
"Đừng@sợ,thất#bại$vì%đó&làbàihọc!", Vietnamese
"Thành@công.cần,sự#nỗ$lực%không&ngừng*!", Vietnamese
"Mỗi@sai.l
ầm,đều#dạy$ta%trưởng&thành*!", Vietnamese
"Hãy@tin,vào#bản$thân%của&bạn*!", Vietnamese
"Niềm@tin.gi
úp,bạn#vượt$qua%khó&khăn*!", Vietnamese
"Sự@tự.tin,đến#từ$sự%chuẩn&bị*kỹ!", Vietnamese
"Đam@mê.giúp,bạn#có$động%lực&*!", Vietnamese
"Sáng@tạo.mở,ra#những$cơ%hội&mới*!", Vietnamese
"Học@hỏi.là,quá#trình$suốt%đời&*!", Vietnamese
"Tri@thức.là,sức#mạnh%*!", Vietnamese
"Công@nghệ.đang,thay#đổi$thế%giới&*!", Vietnamese
"Internet.giúp,kết#nối$con%người&*!", Vietnamese
"Thông@tin.c
ần,được#chọn$lọc%*!", Vietnamese
"Thói@quen.t
ốt,giúp#cuộc$sống%tốt&hơn*!", Vietnamese
"Kỷ@luật.bản,thân#là$quan%trọng&*!", Vietnamese
"Quản@lý.thời,gian#giúp$làm%việc&hiệu*quả!", Vietnamese
"Tập@trung.gi
úp,hoàn#thành$công%việc&nhanh*hơn!", Vietnamese
"Sự@bình.tĩnh,giúp#giải$quyết%vấn&đề*tốt!", Vietnamese
"Kiểm@soát.cảm,xúc#là$một%kỹ&năng*khó!", Vietnamese
"Suy@nghĩ.trước,khi#hành$động%*!", Vietnamese
"Cuộc@sống.luôn,có#nhiều$lựa%chọn&*!", Vietnamese
"Bạn@cần,đưa#ra$quyết%định&đúng*đắn!", Vietnamese
"Sai@lầm.có,thể#sửa$chữa%*!", Vietnamese
"Tương@lai.ph
ụ,thuộc#vào$hiện%tại&*!", Vietnamese
"Quá@khứ.không,thể#thay$đổi%*!", Vietnamese
"Hiện@tại.là,điều#quan$trọng%nhất&*!", Vietnamese
"Sống@trọn,vẹn#từng$khoảnh%khắc&*!", Vietnamese
"Hãy@biết,ơn#những$điều%nhỏ&bé*!", Vietnamese
"Niềm@vui.đến,từ#những$điều%đơn&giản*!", Vietnamese
"Cuộc@sống.có,ý#nghĩa$khi%ta&biếtchođi!", Vietnamese
"Thiên@nhiên.mang,lại#sự$bình%yên&*!", Vietnamese
"Nhà Nguyễn là triều đại phong kiến cuối cùng", Vietnamese
"Gia Long là vị vua đầu tiên của nhà Nguyễn", Vietnamese
"Minh Mạng thực hiện nhiều cải cách", Vietnamese
"Nhà Nguyễn củng cố quyền lực trung ương", Vietnamese
"Pháp bắt đầu xâm lược Việt Nam năm 1858", Vietnamese
"Quân Pháp tấn công Đà Nẵng", Vietnamese
"Triều đình nhà Nguyễn dần suy yếu", Vietnamese
"Pháp chiếm Nam Kỳ", Vietnamese
"Hiệp ước Nhâm Tuất được ký kết", Vietnamese
"Phong trào kháng Pháp diễn ra mạnh mẽ", Vietnamese
"Trương Định lãnh đạo kháng chiến ở Nam Bộ", Vietnamese
"Phong trào Cần Vương được phát động", Vietnamese
"Vua Hàm Nghi ban chiếu Cần Vương", Vietnamese
"Phan Đình Phùng là lãnh tụ nổi bật", Vietnamese
"Hoàng Hoa Thám lãnh đạo khởi nghĩa Yên Thế", Vietnamese
"Phong trào Đông Du do Phan Bội Châu khởi xướng", Vietnamese
"Phan Chu Trinh chủ trương cải cách", Vietnamese
"Nhiều phong trào yêu nước diễn ra đầu thế kỷ 20", Vietnamese
"Nguyễn Ái Quốc ra đi tìm đường cứu nước", Vietnamese
"Nguyễn Ái Quốc đến nhiều quốc gia", Vietnamese
"Nguyễn Ái Quốc tiếp thu chủ nghĩa Mác Lênin", Vietnamese
"Đảng Cộng sản Việt Nam thành lập năm 1930", Vietnamese
"Cách mạng tháng Tám năm 1945 thành công", Vietnamese
"Nước Việt Nam Dân chủ Cộng hòa ra đời", Vietnamese
"Chủ tịch Hồ Chí Minh đọc Tuyên ngôn độc lập", Vietnamese
"Kháng chiến chống Pháp bùng nổ năm 1946", Vietnamese
"Chiến dịch Điện Biên Phủ năm 1954 thắng lợi", Vietnamese
"Hiệp định Genève được ký kết", Vietnamese
"Đất nước tạm thời chia cắt hai miền", Vietnamese
"Miền Bắc tiến lên xây dựng xã hội chủ nghĩa", Vietnamese
"Miền Nam tiếp tục đấu tranh thống nhất đất nước", Vietnamese
"Chiến tranh Việt Nam diễn ra ác liệt", Vietnamese
"Mỹ can thiệp vào Việt Nam", Vietnamese
"Nhiều chiến dịch lớn được mở", Vietnamese
"Chiến dịch Hồ Chí Minh năm 1975 thắng lợi", Vietnamese
"Đất nước thống nhất vào năm 1975", Vietnamese
"Nước Cộng hòa Xã hội Chủ nghĩa Việt Nam ra đời", Vietnamese
"Thời kỳ đổi mới bắt đầu từ năm 1986", Vietnamese
"Kinh tế Việt Nam dần phát triển", Vietnamese
"Việt Nam hội nhập quốc tế", Vietnamese
"Việt Nam gia nhập ASEAN năm 1995", Vietnamese
"Quan hệ quốc tế được mở rộng", Vietnamese
"Giáo dục ngày càng phát triển", Vietnamese
"Kinh tế thị trường định hướng xã hội chủ nghĩa được áp dụng", Vietnamese
"Việt Nam đạt nhiều thành tựu kinh tế", Vietnamese
"Công nghiệp hóa hiện đại hóa được thúc đẩy", Vietnamese
"Nông nghiệp có nhiều đổi mới", Vietnamese
"Xuất khẩu tăng trưởng mạnh", Vietnamese
"Đời sống nhân dân được cải thiện", Vietnamese
"Văn hóa truyền thống được gìn giữ", Vietnamese
"Cuộc sống không phải lúc nào cũng diễn ra theo kế hoạch", Vietnamese
"Mỗi ngày trôi qua đều mang theo những cơ hội mới", Vietnamese
"Con người trưởng thành qua những lần vấp ngã", Vietnamese
"Sự kiên trì là chìa khóa dẫn đến thành công", Vietnamese
"Thói quen nhỏ có thể tạo nên thay đổi lớn", Vietnamese
"Hạnh phúc đôi khi đến từ những điều giản dị", Vietnamese
"Thời gian là tài sản quý giá nhất của mỗi người", Vietnamese
"Chúng ta thường học được nhiều điều từ thất bại", Vietnamese
"Suy nghĩ tích cực giúp cải thiện cuộc sống", Vietnamese
"Sự lắng nghe là nền tảng của giao tiếp hiệu quả", Vietnamese
"Một nụ cười có thể thay đổi cả một ngày", Vietnamese
"Thành công không đến trong một sớm một chiều", Vietnamese
"Ai cũng có những lúc cảm thấy mệt mỏi", Vietnamese
"Nghỉ ngơi hợp lý giúp tái tạo năng lượng", Vietnamese
"Đọc sách giúp mở rộng hiểu biết", Vietnamese
"Mỗi người đều có con đường riêng của mình", Vietnamese
"Không ai có thể thay bạn sống cuộc đời của bạn", Vietnamese
"Sự chân thành luôn được trân trọng", Vietnamese
"Lòng biết ơn giúp con người hạnh phúc hơn", Vietnamese
"Những thay đổi nhỏ có thể tạo ra kết quả lớn", Vietnamese
"Việc đặt mục tiêu giúp bạn có định hướng rõ ràng", Vietnamese
"Kỷ luật bản thân là yếu tố quan trọng", Vietnamese
"Thất bại chỉ là một phần của quá trình học hỏi", Vietnamese
"Đừng ngại thử những điều mới", Vietnamese
"Sự tự tin đến từ việc chuẩn bị kỹ lưỡng", Vietnamese
"Kiến thức là nền tảng của phát triển bền vững", Vietnamese
"Cuộc sống luôn thay đổi không ngừng", Vietnamese
"Chúng ta cần thích nghi với hoàn cảnh", Vietnamese
"Mỗi trải nghiệm đều mang lại bài học", Vietnamese
"Tình bạn chân thành rất đáng quý", Vietnamese
"Gia đình là nơi trở về sau những khó khăn", Vietnamese
"Sự tôn trọng giúp duy trì các mối quan hệ", Vietnamese
"Thái độ tích cực tạo nên sự khác biệt", Vietnamese
"Sức khỏe là nền tảng của mọi thành công", Vietnamese
"Tập thể dục giúp cơ thể khỏe mạnh hơn", Vietnamese
"Ăn uống lành mạnh giúp cải thiện chất lượng sống", Vietnamese
"Giấc ngủ đủ giúp tinh thần minh mẫn", Vietnamese
"Sự cân bằng giữa công việc và cuộc sống là cần thiết", Vietnamese
"Căng thẳng kéo dài có thể ảnh hưởng xấu đến sức khỏe", Vietnamese
"Học cách thư giãn là kỹ năng quan trọng", Vietnamese
"Mỗi người đều có giá trị riêng", Vietnamese
"Đừng so sánh bản thân với người khác", Vietnamese
"Sự cố gắng luôn được đền đáp xứng đáng", Vietnamese
"Niềm tin giúp con người vượt qua khó khăn", Vietnamese
"Chấp nhận bản thân là bước đầu của hạnh phúc", Vietnamese
"Sự thay đổi bắt đầu từ suy nghĩ", Vietnamese
"Một ngày mới là cơ hội để làm lại từ đầu", Vietnamese
"Thành công là hành trình chứ không phải đích đến", Vietnamese
"Những điều nhỏ bé cũng đáng được trân trọng", Vietnamese
"Cuộc sống có ý nghĩa khi ta biết cho đi", Vietnamese
"Sự chia sẻ giúp gắn kết con người", Vietnamese
"Mỗi người đều có lúc cần giúp đỡ", Vietnamese
"Lòng tốt có thể lan tỏa mạnh mẽ", Vietnamese
"Những hành động nhỏ tạo nên sự khác biệt lớn", Vietnamese
"Sự trung thực là nền tảng của niềm tin", Vietnamese
"Học cách tha thứ giúp tâm hồn nhẹ nhàng hơn", Vietnamese
"Quá khứ không thể thay đổi nhưng tương lai thì có thể", Vietnamese
"Mỗi sai lầm là một bài học quý giá", Vietnamese
"Thành công cần sự kiên nhẫn và nỗ lực", Vietnamese
"Hãy sống trọn vẹn từng khoảnh khắc", Vietnamese
"Đam mê giúp con người có động lực", Vietnamese
"Sự sáng tạo mở ra những cơ hội mới", Vietnamese
"Học hỏi là quá trình suốt đời", Vietnamese
"Thế giới luôn rộng lớn hơn ta nghĩ", Vietnamese
"Khám phá giúp mở rộng tầm nhìn", Vietnamese
"Những chuyến đi mang lại nhiều trải nghiệm", Vietnamese
"Thiên nhiên giúp con người thư giãn", Vietnamese
"Không gian yên tĩnh giúp suy nghĩ rõ ràng", Vietnamese
"Âm nhạc có thể chữa lành tâm hồn", Vietnamese
"Nghệ thuật phản ánh cuộc sống", Vietnamese
"Công nghệ đang thay đổi thế giới từng ngày", Vietnamese
"Internet giúp kết nối con người toàn cầu", Vietnamese
"Thông tin cần được chọn lọc cẩn thận", Vietnamese
"Thói quen tốt giúp nâng cao chất lượng sống", Vietnamese
"Sự tập trung giúp làm việc hiệu quả hơn", Vietnamese
"Quản lý thời gian là kỹ năng quan trọng", Vietnamese
"Mỗi quyết định đều có hậu quả của nó", Vietnamese
"Suy nghĩ kỹ trước khi hành động là điều cần thiết", Vietnamese
"Sự bình tĩnh giúp giải quyết vấn đề tốt hơn", Vietnamese
"Kiểm soát cảm xúc là một kỹ năng khó", Vietnamese
"Sự lạc quan giúp vượt qua thử thách", Vietnamese
"Niềm vui có thể đến từ những điều nhỏ nhặt", Vietnamese
"Sống chậm lại giúp cảm nhận cuộc sống rõ hơn", Vietnamese
"Thời gian bên gia đình rất quý giá", Vietnamese
"Bạn bè tốt giúp cuộc sống ý nghĩa hơn", Vietnamese
"Sự tin tưởng cần được xây dựng theo thời gian", Vietnamese
"Học cách lắng nghe giúp hiểu người khác hơn", Vietnamese
"Mỗi ngày đều là một khởi đầu mới", Vietnamese
"Đừng từ bỏ khi chưa cố gắng hết mình", Vietnamese
"Sự nỗ lực hôm nay tạo nên tương lai ngày mai", Vietnamese
"Cuộc sống là hành trình không ngừng học hỏi", Vietnamese
"Thành công đến với những người kiên trì", Vietnamese
"Sự thay đổi bắt đầu từ hành động nhỏ", Vietnamese
"Giữ vững mục tiêu giúp bạn không lạc lối", Vietnamese
"Tận dụng thời gian giúp đạt hiệu quả cao hơn", Vietnamese
"Suy nghĩ tích cực giúp giảm căng thẳng", Vietnamese
"Sự đơn giản mang lại cảm giác bình yên", Vietnamese
"Biết đủ giúp con người hạnh phúc hơn", Vietnamese
"Cuộc sống luôn có nhiều lựa chọn", Vietnamese
"Hãy trân trọng những gì bạn đang có", Vietnamese
"Sự@khác.biệt,làm#bạn$trở%nên&đặc*biệt!", Vietnamese
"Mỗi@người.đều,có#giá$trị%riêng&*!", Vietnamese
"Chấp@nhận.bản,thân#là$bước%đầu&tiên!", Vietnamese
"Yêu@thương.bản,thân#là$điều%cần&thiết!", Vietnamese
"Sự@tử.tế,luôn#được$trân%trọng&*!", Vietnamese
"Lòng@tốt.có,thể#lan$tỏa%mạnh&mẽ!", Vietnamese
"Giúp@đỡ.người,khác#là$niềm%vui&lớn!", Vietnamese
"Chia@sẻ.làm,cuộc#sống$ý%nghĩa&hơn!", Vietnamese
"Học@cách.tha,thứ#giúp$tâm%hồn&nhẹ*nhàng!", Vietnamese
"Buông@bỏ.giúp,bạn#tự$do%hơn&*!", Vietnamese
"Sự@lạc.quan,giúp#vượt$qua%khó&khăn!", Vietnamese
"Hy@vọng.luôn,tồn#tại$trong%cuộc&sống!", Vietnamese
"Niềm@tin.l
à,động#lực$quan%trọng&*!", Vietnamese
"Cố@gắng.không,bao#giờ$là%vô&ích!", Vietnamese
"Nỗ@lực.hôm,nay#tạo$ra%kết&quảngàymai!", Vietnamese
"Kiên@trì.giúp,bạn#đạt$được%mục&tiêu!", Vietnamese
"Mục@tiêu.giúp,cuộc#sống$có%ý&nghĩa!", Vietnamese
"Định@hướng.rõ,ràng#giúp$bạn%không&lạc*lối!", Vietnamese
"Tập@trung.v
ào,điều#quan$trọng%nhất!", Vietnamese
"Loại@bỏ,những#điều$không%cần&thiết!", Vietnamese
"Sự@đơn.giản,mang#lại$cảm%giác&bình*yên!", Vietnamese
"Sống@chậm,lại#để$cảm%nhận&cuộc*sống!", Vietnamese
"Tận@hưởng,những#khoảnh$khắc%hiện&tại!", Vietnamese
"Thời@gian.b
ên,gia#đình$rất%quý&giá!", Vietnamese
"Bạn@bè.tốt,làm#cuộc$sống%ý&nghĩa*hơn!", Vietnamese
"Mối@quan.h
ệ,cần#được$chăm%sóc&*!", Vietnamese
"Sự@tin.tưởng,xây#dựng$theo%thời&gian!", Vietnamese
"Giao@tiếp.tốt,giúp#hiểu$nhau%hơn&*!", Vietnamese
"Lắng@nghe.l
à,kỹ#năng$quan%trọng&*!", Vietnamese
"Thấu@hiểu.giúp,tạo#ra$sự%kết&nối!", Vietnamese
"Cuộc@sống.trở,nên#ý$nghĩa%khi&tasốngtrọn*vẹn!", Vietnamese
"Buổi sáng yên tĩnh giúp tôi bắt đầu ngày mới nhẹ nhàng", Vietnamese
"Tôi thường uống một cốc nước ấm sau khi thức dậy", Vietnamese
"Thói quen dậy sớm mang lại nhiều lợi ích", Vietnamese
"Ánh nắng buổi sáng rất tốt cho sức khỏe", Vietnamese
"Tôi thích đi bộ quanh khu phố vào buổi sáng", Vietnamese
"Không khí trong lành giúp tinh thần thoải mái hơn", Vietnamese
"Một ngày hiệu quả bắt đầu từ việc lập kế hoạch", Vietnamese
"Tôi thường ghi chú lại những việc cần làm", Vietnamese
"Sự chuẩn bị giúp công việc diễn ra suôn sẻ", Vietnamese
"Tôi cố gắng hoàn thành việc quan trọng trước", Vietnamese
"Giữ bàn làm việc gọn gàng giúp tập trung tốt hơn", Vietnamese
"Âm nhạc nhẹ nhàng giúp tôi thư giãn khi làm việc", Vietnamese
"Tôi thường nghỉ giải lao sau mỗi giờ làm việc", Vietnamese
"Một tách trà giúp tôi cảm thấy dễ chịu", Vietnamese
"Tôi thích học những điều mới mỗi ngày", Vietnamese
"Việc đọc sách giúp tôi mở rộng suy nghĩ", Vietnamese
"Tôi ghi lại những ý tưởng hay vào sổ tay", Vietnamese
"Việc học cần sự kiên nhẫn và đều đặn", Vietnamese
"Tôi luôn cố gắng cải thiện bản thân", Vietnamese
"Những mục tiêu nhỏ giúp tôi tiến xa hơn", Vietnamese
"Tôi thích trò chuyện với bạn bè vào cuối tuần", Vietnamese
"Một cuộc gặp gỡ giúp giải tỏa căng thẳng", Vietnamese
"Tôi thường gọi điện hỏi thăm gia đình", Vietnamese
"Sự quan tâm làm các mối quan hệ bền chặt hơn", Vietnamese
"Tôi thích nấu ăn khi có thời gian rảnh", Vietnamese
"Món ăn tự nấu luôn mang lại cảm giác đặc biệt", Vietnamese
"Tôi học thêm nhiều công thức mới", Vietnamese
"Bữa cơm gia đình luôn ấm áp", Vietnamese
"Tôi cố gắng ăn uống điều độ", Vietnamese
"Sức khỏe là điều quan trọng nhất", Vietnamese
"Tôi dành thời gian tập thể dục mỗi tuần", Vietnamese
"Chạy bộ giúp tôi tăng cường sức bền", Vietnamese
"Tôi thích đạp xe vào buổi chiều", Vietnamese
"Vận động giúp tinh thần minh mẫn hơn", Vietnamese
"Tôi cố gắng ngủ đủ giấc mỗi ngày", Vietnamese
"Giấc ngủ ngon giúp cơ thể phục hồi", Vietnamese
"Tôi hạn chế sử dụng điện thoại trước khi ngủ", Vietnamese
"Không gian yên tĩnh giúp tôi dễ ngủ hơn", Vietnamese
"Tôi thích đọc sách trước khi đi ngủ", Vietnamese
"Một ngày kết thúc trong sự bình yên", Vietnamese
"Tôi thích đi du lịch khi có dịp", Vietnamese
"Mỗi chuyến đi mang lại nhiều trải nghiệm", Vietnamese
"Tôi thích khám phá những vùng đất mới", Vietnamese
"Phong cảnh đẹp khiến tôi cảm thấy thư giãn", Vietnamese
"Tôi thường chụp ảnh để lưu giữ kỷ niệm", Vietnamese
"Những chuyến đi giúp tôi hiểu thêm về cuộc sống", Vietnamese
"Tôi thích thử các món ăn địa phương", Vietnamese
"Mỗi nơi đều có nét đặc trưng riêng", Vietnamese
"Du lịch giúp mở rộng tầm nhìn", Vietnamese
"Tôi luôn mong chờ những chuyến đi mới", Vietnamese
"Tôi thích học ngoại ngữ trong thời gian rảnh", Vietnamese
"Việc luyện nghe giúp cải thiện khả năng giao tiếp", Vietnamese
"Tôi cố gắng học từ vựng mỗi ngày", Vietnamese
"Ngữ pháp giúp tôi hiểu rõ cấu trúc câu", Vietnamese
"Tôi thực hành nói với bạn bè", Vietnamese
"Học ngoại ngữ cần sự kiên trì", Vietnamese
"Tôi không ngại mắc lỗi khi học", Vietnamese
"Sai lầm giúp tôi tiến bộ hơn", Vietnamese
"Tôi thích xem phim bằng ngôn ngữ đang học", Vietnamese
"Âm nhạc cũng giúp tôi học hiệu quả", Vietnamese
"Tôi thích làm việc trong không gian yên tĩnh", Vietnamese
"Sự tập trung giúp tôi hoàn thành công việc nhanh hơn", Vietnamese
"Tôi luôn đặt mục tiêu rõ ràng", Vietnamese
"Việc quản lý thời gian rất quan trọng", Vietnamese
"Tôi chia nhỏ công việc để dễ thực hiện", Vietnamese
"Sự kiên trì giúp tôi vượt qua khó khăn", Vietnamese
"Tôi học cách kiểm soát cảm xúc", Vietnamese
"Sự bình tĩnh giúp giải quyết vấn đề tốt hơn", Vietnamese
"Tôi luôn cố gắng suy nghĩ tích cực", Vietnamese
"Tư duy lạc quan giúp tôi tiến xa hơn", Vietnamese
"Tôi thích dành thời gian cho bản thân", Vietnamese
"Sự cân bằng giúp cuộc sống ổn định", Vietnamese
"Tôi học cách nói không khi cần thiết", Vietnamese
"Việc từ chối giúp tôi bảo vệ thời gian", Vietnamese
"Tôi cố gắng sống đơn giản", Vietnamese
"Những điều nhỏ bé mang lại niềm vui", Vietnamese
"Tôi trân trọng những khoảnh khắc hiện tại", Vietnamese
"Sự biết ơn giúp tôi cảm thấy hạnh phúc", Vietnamese
"Tôi học cách chấp nhận bản thân", Vietnamese
"Sự tự tin đến từ bên trong", Vietnamese
"Tôi thích giúp đỡ người khác khi có thể", Vietnamese
"Một hành động nhỏ cũng có ý nghĩa lớn", Vietnamese
"Sự tử tế luôn được trân trọng", Vietnamese
"Tôi tin vào sức mạnh của lòng tốt", Vietnamese
"Chia sẻ giúp kết nối con người", Vietnamese
"Tôi luôn cố gắng lắng nghe người khác", Vietnamese
"Sự thấu hiểu giúp giảm xung đột", Vietnamese
"Tôi học cách tha thứ", Vietnamese
"Buông bỏ giúp tâm hồn nhẹ nhàng hơn", Vietnamese
"Tôi hướng đến một cuộc sống bình an", Vietnamese
"Tôi luôn tìm kiếm cơ hội để phát triển", Vietnamese
"Học hỏi là quá trình không ngừng", Vietnamese
"Tôi không ngại thử thách mới", Vietnamese
"Khó khăn giúp tôi mạnh mẽ hơn", Vietnamese
"Tôi tin vào khả năng của bản thân", Vietnamese
"Mỗi ngày là một cơ hội mới", Vietnamese
"Tôi cố gắng sống có mục tiêu", Vietnamese
"Đam mê giúp tôi có động lực", Vietnamese
"Tôi luôn hướng về tương lai", Vietnamese
"Tôi đang nỗ lực từng ngày để trở nên tốt hơn", Vietnamese
